<simulation verbosity="medium">
    <ffsocket mode='unix' name='driver'>
         <latency>  1.00000000e-02</latency>
         <slots>4</slots>
         <port>20614</port>
         <timeout>  6.00000000e+02</timeout>
         <address>zundel-pi</address>
   </ffsocket>
   <total_steps>20000</total_steps>
   <output prefix="data">
      <trajectory stride="20" filename="pos" format="xyz" bead="0">positions{angstrom}</trajectory>
      <trajectory stride="2" filename="dip"> extras </trajectory>
      <properties stride="8"> [ step, time{picosecond}, conserved, temperature{kelvin}, kinetic_cv, 
            potential, kinetic_cv(H), kinetic_cv(O) ] </properties>
      <checkpoint stide="1000" filename="restart"/>
   </output>
   <prng>
      <seed>18885</seed>
   </prng>
   <system>
      <forces> <force name="driver">driver</force></forces>
      <initialize nbeads="32">
        <file mode="chk">./restart</file>
        <cell>
         [   25.29166, 0, 0, 0, 25.29166, 0, 0, 0, 25.29166 ]
        </cell>
      </initialize>
      <ensemble mode='nvt'>
         <timestep units="femtosecond"> 0.25 </timestep>
         <thermostat mode='pile_g'>
            <tau units="femtosecond">1e5</tau>
            <pile_lambda> 0.5 </pile_lambda>
         </thermostat>
         <temperature units="kelvin"> 300.0 </temperature>
      </ensemble>
  </system>
</simulation>
