<simulation verbosity="high">
   <initialize nbeads="1">
    <file mode="pdb" units="angstrom">./h2o-cfg.pdb</file>
    <velocities mode="thermal" units="kelvin"> 300 </velocities>
   </initialize>
   
   <forces>
     <socket mode='inet'>
      <latency> 0.05 </latency>  <port>21012</port>  <timeout>2.0000000e+03</timeout>   <address> localhost </address>
     </socket>
   </forces>
   <total_steps>100000</total_steps>
   <output prefix="h2o_output">
      <properties stride="1" flush="1">[step, time, conserved, potential, kinetic_cv, pressure_cv, volume, temperature, kinetic_md, pressure_md ] </properties>
      <trajectory stride="1" format="pdb" filename="xc" cell_units="angstrom"> x_centroid{angstrom} </trajectory>
      <trajectory stride="1" format="xyz" filename="pos"> positions </trajectory>      
      <trajectory stride="1" format="xyz" filename="vel"> velocities </trajectory>
      <trajectory stride="1" format="xyz" filename="for"> forces </trajectory>
      <checkpoint stride="100" overwrite="true" filename="chk"/>
      <checkpoint stride="1000" overwrite="false" filename="restart"/>
   </output>
   <prng>
      <seed>10005</seed>
   </prng>
   <ensemble mode='npt'>
      <barostat mode='isotropic'>
        <thermostat mode='langevin'>
         <tau units="femtosecond"> 100 </tau>
        </thermostat>
        <tau units='femtosecond'> 100 </tau>
      </barostat>
      <pressure units="bar"> 1 </pressure>
      <thermostat mode='pile_g'>
         <tau units="femtosecond"> 10 </tau>
      </thermostat>
      <timestep units="femtosecond"> 1.00 </timestep>
      <fixcom> False </fixcom>
      <temperature units="kelvin"> 300 </temperature>
   </ensemble>
</simulation>   
