<simulation verbosity="high">
   <initialize nbeads='1'> 
      <file mode='chk'> ./nvtcls_restart.chk</file>
      <momenta mode="thermal" units="kelvin"> 750 </momenta>
   </initialize>
   <output prefix='nvtcls_output'>
      <properties stride="1" flush="1">[step, time{femtosecond}, conserved, potential, kinetic_cv, pressure_cv, volume, temperature{kelvin}, kinetic_md, pressure_md ] </properties>
      <trajectory stride="5" format="pdb" filename="xc" cell_units="angstrom"> x_centroid{angstrom} </trajectory>
      <trajectory stride="1" format="xyz" filename="pos"> positions </trajectory>      
      <trajectory stride="1" format="xyz" filename="vel"> velocities </trajectory>
      <trajectory stride="1" format="xyz" filename="for"> forces </trajectory>
      <checkpoint stride="100" overwrite="true" filename="chk"/>
      <checkpoint stride="5000" overwrite="false" filename="restart"/>
   </output>
   <total_steps>10</total_steps>
   <prng><seed>20222</seed></prng>
   <forces>
      <socket mode='inet'>
         <address>localhost</address>   <port>21340</port>  <latency>0.01</latency> <timeout>5000</timeout>
      </socket>
   </forces>
   <ensemble mode='nvt'>
      <thermostat mode='svr'>
         <tau units="femtosecond">20</tau>
      </thermostat>
     <timestep units="femtosecond"> 0.5 </timestep>
      <temperature units="kelvin"> 750 </temperature>
      <fixcom>True</fixcom>
   </ensemble>
</simulation>
