<simulation>
   <initialize nbeads='1'>
      <file mode='pdb'> our_ref.pdb </file>
      <velocities mode='thermal' units='kelvin'> 120 </velocities>
   </initialize>
   <output prefix='lj-low'>
      <properties stride='5' filename='out'>  [ step, time{picosecond}, conserved{kelvin}, temperature{kelvin}, kinetic_md{kelvin}, potential{kelvin}, pressure_md{megapascal}] </properties>
      <trajectory stride='100' filename='pos'>positions</trajectory>
      <checkpoint stride='2000'/>
   </output>
   <total_steps>100000</total_steps>
   <prng><seed>3348</seed></prng>
   <forces>
      <socket mode="unix">
         <address>low_density</address>
      </socket>
   </forces>
   <ensemble mode='nvt'>
      <thermostat mode='pile_g'>
         <tau units='femtosecond'>25</tau>
      </thermostat>
      <timestep units='femtosecond'>0.4</timestep>
      <fixcom>False</fixcom>
      <temperature units='kelvin'>59.6646</temperature>
   </ensemble>
</simulation>
