<simulation verbosity="medium">
    <ffsocket mode='unix' name='driver'>
         <latency>  1.00000000e-02</latency>
         <slots>4</slots>
         <port>20614</port>
         <timeout>  6.00000000e+02</timeout>
         <address>zundel-md</address>
   </ffsocket>
   <total_steps>10000</total_steps>
   <output prefix="data">
      <trajectory stride="10" filename="pos" format="xyz">x_centroid{angstrom}</trajectory>
      <properties stride="4"> [ step, time{picosecond}, conserved, temperature{kelvin}, kinetic_cv, 
            potential, kinetic_cv(H), kinetic_cv(O) ] </properties>
      <checkpoint stride="100" filename="chk"/>
   </output>
   <prng>
      <seed>18885</seed>
   </prng>
   <system>
      <forces> <force name="driver">driver</force></forces>
      <initialize nbeads="1">
        <file mode="xyz" units="angstrom">../h5o2+.xyz</file>
        <cell>
         [   25.29166, 0, 0, 0, 25.29166, 0, 0, 0, 25.29166 ]
        </cell>
      </initialize>
      <ensemble mode='nvt'>
         <timestep units="femtosecond"> 0.5 </timestep>
         <thermostat mode='langevin'>
            <tau units="femtosecond">100</tau>
         </thermostat>
         <temperature units="kelvin"> 300.0 </temperature>
      </ensemble>
  </system>
</simulation>
